decile,total_cnt,min_prob,max_prob,churn_cnt,non_churn_cnt
10,1777,0.382731736,0.712541884,775,1002
9,1776,0.343452129,0.382731709,644,1132
8,1776,0.317640893,0.343432581,615,1161
7,1776,0.298138132,0.317633379,570,1206
6,1776,0.280457395,0.29812511,562,1214
5,1776,0.264321776,0.280456596,535,1241
4,1776,0.248154636,0.264311467,444,1332
3,1776,0.228573321,0.248153765,421,1355
2,1776,0.201704603,0.22857174,366,1410
1,1777,0.077249232,0.201696522,294,1483
