decile,total_cnt,min_prob,max_prob,churn_cnt,non_churn_cnt
10,5329,0.38363623,0.772843709,2269,3060
9,5328,0.343513703,0.383636022,1914,3414
8,5329,0.317940723,0.343511,1827,3502
7,5328,0.298274518,0.317935666,1723,3605
6,5329,0.280951424,0.298274202,1604,3725
5,5328,0.264630623,0.280951223,1484,3844
4,5328,0.248082036,0.264625304,1354,3974
3,5329,0.228836368,0.248080754,1222,4107
2,5328,0.201103132,0.228823426,1094,4234
1,5329,0.077561063,0.201098986,892,4437
